{
  "q_table": {
    "(2, 3, 1, 1, 0, 0, 2, 2)": [
      0.0,
      0.00048,
      0.0
    ],
    "(1, 3, 0, 0, 0, 0, 2, 1)": [
      -2e-05,
      0.0,
      0.0
    ]
  },
  "epsilon": 0.990025,
  "n_episodes": 2,
  "total_reward": 0.046,
  "reward_history": []
}